id,comment_id,body,author,score,created_utc,subreddit,is_submitter,depth,distinguished,parent_id,link_id,ingested_at
32851,mvweqxm,"what's especially sad is the fact that daedalic made some of the best point & click games ever and was really established in that sector of games.

they just took too high a risk with going so far out of their comfort zone. quite unfortunate.",FlaaFlaaFlunky,1,2025-06-04 04:56:47,gaming,False,,,t1_mvw33qr,t3_1l2vgiy,2025-06-04 04:56:59.892068
32852,mvwer19,don't forget all minority groups!,EndPointNear,1,2025-06-04 04:56:48,news,False,,,t1_mvvhvcq,t3_1l2s9ok,2025-06-04 04:57:00.396345
32853,mvwer86,"Surprised nobody has mentioned Terra Invicta, and also somewhat disappointed so many people have mentioned Stellaris when it's easily the simplest Paradox grand strategy game.",PancAshAsh,1,2025-06-04 04:56:51,gaming,False,,,t3_1l2jrht,t3_1l2jrht,2025-06-04 04:57:02.709752
32854,mvwergw,"Salty, some would say",Whatajabroni,1,2025-06-04 04:56:54,news,False,,,t1_mvuipy3,t3_1l2kz7x,2025-06-04 04:57:04.862277
32855,mvweseb,"We don't want to kill babies, so let's let adults AND babies die instead.",kmoonster,1,2025-06-04 04:57:06,news,False,,,t3_1l2qplg,t3_1l2qplg,2025-06-04 04:57:22.636538
32856,mvwetbw,One of many in the white house,raerae1991,1,2025-06-04 04:57:18,news,False,,,t1_mvwak70,t3_1l2w3i5,2025-06-04 04:57:31.905308
32857,mvweuyb,"""i didn't check the IGN YouTube page for it"".

So you had nothing meaningful to add to the discussion and just started yapping.",MikkelR1,1,2025-06-04 04:57:40,gaming,False,,,t1_mvuxzs7,t3_1l2frf4,2025-06-04 04:57:50.786020
32858,mvwex6o,I played the shit out of whatever one was like battlefront,Apokolypse09,1,2025-06-04 04:58:09,gaming,False,,,t1_mvwcl3f,t3_1l2vgiy,2025-06-04 04:58:25.461472
32859,mvwexh6,"Cute that someone who likes to jump to conclusions would also believe they have sound judgments, especially regarding others.


Larry is a moron, and I guess you'll never know why!¬† Good job.",ImAGamerNow,1,2025-06-04 04:58:13,news,False,,,t1_mvwaom3,t3_1l2r9xr,2025-06-04 04:58:25.963745
32860,mvwey0g,Nearly a dozen ships named after civil rights activists!,FeatherShard,1,2025-06-04 04:58:20,news,False,,,t1_mvw7osg,t3_1l2w3i5,2025-06-04 04:58:30.654070
32861,mvweyoy,"The only complaint I have is that the QuickTime elements are extremely annoying, with difficult inputs of multiple steps to accomplish one thing.",Gumsk,1,2025-06-04 04:58:29,gaming,False,,,t3_1l2wisj,t3_1l2wisj,2025-06-04 04:58:40.282787
32862,mvwez1s,"brendan mcnamara killed team bondi by verbally abusing his employees to the point people were leaving left and right, and giving a middle finger to people who worked on the game by not crediting them",Plenty-Body6685,1,2025-06-04 04:58:34,gaming,False,,,t1_mvw5csl,t3_1l2vgiy,2025-06-04 04:58:45.240475
32863,mvwezhc,The richest family's name is shadowbanned on American social media lmao. Hint it starts with an R,FrostyRoams,1,2025-06-04 04:58:40,Showerthoughts,False,,,t3_1l267st,t3_1l267st,2025-06-04 04:58:54.764751
32864,mvwezmb,Should we rename it the USS Cock Gobbler or the USS Dick Mitten?,LyreOfNero,1,2025-06-04 04:58:42,news,False,,,t3_1l2kz7x,t3_1l2kz7x,2025-06-04 04:58:55.267161
32865,mvwf06t,Hell yeah,simplywebby,1,2025-06-04 04:58:49,news,False,,,t3_1l2kz7x,t3_1l2kz7x,2025-06-04 04:59:00.073997
32866,mvwf170,"""gameplay""",Albert_dark,1,2025-06-04 04:59:03,gaming,False,,,t3_1l2dgtv,t3_1l2dgtv,2025-06-04 04:59:18.442562
32867,mvwf1e3,Butter? Sounds foreign and overstaying its visa. Us patriots call it America Sauce.,BleuRaider,1,2025-06-04 04:59:05,news,False,,,t1_mvwd8bl,t3_1l2w3i5,2025-06-04 04:59:18.944791
32868,mvwf1s2,"I think multiple delays is one sign of a game being bad, at the very least it will released at broken state or underdeliver on the promise (like lack of content). Multiple delays is also a telltale sign that the game is in a sort of development hell, something like last-minute change to the game design that undo multiple months of progress (and adding new problems altogether). 

Good games usually being marketed when the game is close to be ready to release. Maybe something like revealing the game with the actual gameplay footage at the very first of the marketing campaign, and maybe providing a free playable demo for everyone.",fourthdawg,1,2025-06-04 04:59:10,gaming,False,,,t3_1l2m95r,t3_1l2m95r,2025-06-04 04:59:21.522805
32869,mvwf1zu,It was made in like six weeks by one guy.,GinDragon,1,2025-06-04 04:59:13,gaming,False,,,t1_mvw2kul,t3_1l2vgiy,2025-06-04 04:59:23.758365
32870,mvwf2qh,"Yes, it‚Äôs just that I‚Äôve seen a lot of brigading by this particular group in foreign online communities such as this one, saying similar exaggerated statements, so it was a guess.",yurikura,1,2025-06-04 04:59:22,news,False,,,t1_mvwe1ju,t3_1l2h244,2025-06-04 04:59:33.354512
32871,mvwf2tp,"Technically they still exist as a publisher, but their dev studio was shut down as a direct result of Gollum.",veemonjosh,1,2025-06-04 04:59:23,gaming,False,,,t1_mvwatwb,t3_1l2vgiy,2025-06-04 04:59:33.986221
32872,mvwf3g0,"I‚Äôm not defending this bullshit, but the word ‚Äúimmediately‚Äù carries a lot of weight in these articles. If they called the office and left a message and he hasn‚Äôt called back  within two minutes, then they can honestly say that he ‚Äúdidn‚Äôt *immediately* respond to requests for comment‚Äù.",DieHardAmerican95,1,2025-06-04 04:59:32,news,False,,,t1_mvtvedh,t3_1l2kz7x,2025-06-04 04:59:43.544014
32873,mvwf3kb,I guess they were against him bringing a +1,smurfsundermybed,1,2025-06-04 04:59:33,news,False,,,t3_1l2w3i5,t3_1l2w3i5,2025-06-04 04:59:44.188384
32874,mvwf37c,How do you accidently update the hud with a working advertisment header? The got to much backlash. Filthy greedy no good nerf herders!,Mountain-Tea6875,1,2025-06-04 04:59:29,gaming,False,,,t3_1l2cy5c,t3_1l2cy5c,2025-06-04 04:59:48.831040
32875,mvwf3yd,Still‚Ä¶.cannot‚Ä¶.answerrrrrrr,Top_Duck8146,1,2025-06-04 04:59:38,news,False,,,t1_mvrqrig,t3_1kxt3mx,2025-06-04 04:59:49.333258
32876,mvwf42o,I thought they named it to Harvey Milk that‚Äôs sucks.,simplywebby,1,2025-06-04 04:59:40,news,False,,,t3_1l2kz7x,t3_1l2kz7x,2025-06-04 04:59:51.522517
32877,mvwf4ie,What does your wife‚Äôs boyfriend think about the game?,Kokokrunch_,1,2025-06-04 04:59:46,gaming,False,,,t3_1l2ml7o,t3_1l2ml7o,2025-06-04 05:00:00.651787
32878,mvwf54a,geralt should have just slice ciri to prevent this,SShift_Gaming,1,2025-06-04 04:59:53,gaming,False,,,t3_1krvp38,t3_1krvp38,2025-06-04 05:00:05.331252
32879,mvwf59n,"I think he's planning on drinking and snorting coke during the meeting. He's got better things to do than help Ukraine, the sworn enemy of his mentor's boss.",Darryl_Lict,1,2025-06-04 04:59:55,news,False,,,t1_mvw826e,t3_1l2w3i5,2025-06-04 05:00:05.981175
32880,mvwf5hy,Oh noooooo‚Ä¶.Onot.,LickyPusser,1,2025-06-04 04:59:59,news,False,,,t1_mvuh6nh,t3_1l2o5id,2025-06-04 05:00:10.978693
32881,mvwf5nu,Let me check #whiskeyleaks,Beaverbumper00,1,2025-06-04 05:00:01,news,False,,,t3_1l2w3i5,t3_1l2w3i5,2025-06-04 05:00:11.624474
32882,mvwf5y4,"I have it but I never got around playing it. Got it for 7 bucks on steam and it's sitting there, waiting to be played. I'll start after finishing Expedition 33.",OrdinaryEffect07,1,2025-06-04 05:00:05,gaming,False,,,t3_1l2wisj,t3_1l2wisj,2025-06-04 05:00:16.450852
32883,mvwf60q,"Under which administration was it named Harvey Milk?
Was it Clinton?",UnusualCartoonist6,1,2025-06-04 05:00:06,news,False,,,t1_mvtu7d9,t3_1l2kz7x,2025-06-04 05:00:16.952778
32884,mvwf68h,"My biggest issue with it is that they leaned too heavily into the shooter part and not the magic part.

Having to *reload* my *spell* is just weird. If I had my way, the three magic types would each have their own mana bar that all regular attacks and special spells draw from, and make them regenerate slower when in use to encourage swapping between colors. I think that would've been much more enjoyable and interesting, but that's just me.",TheBlackRonin505,1,2025-06-04 05:00:09,gaming,False,,,t1_mvw3odf,t3_1l2vgiy,2025-06-04 05:00:21.894515
32885,mvwf7pv,"If you make the game shorter than it should be cheaper. Yes, I understand rather finishing multiple shorter games, but if all these shorter games are still 60‚Ç¨, being able to do that is a privilege.",AceAirbender,1,2025-06-04 05:00:29,gaming,False,,,t3_1kzxoi5,t3_1kzxoi5,2025-06-04 05:00:40.137285
32886,mvwf87r,I'd be more interested if we could just make our own characters and then pick a class. i hate all these games with preset characters.,MyStationIsAbandoned,1,2025-06-04 05:00:35,gaming,False,,,t3_1l2bcwp,t3_1l2bcwp,2025-06-04 05:00:49.838758
32887,mvwf8mv,I mean 3 was a great game overall so it would have been insane to me if it killed the series just because the last minute is hot trash tbh.,KKilikk,1,2025-06-04 05:00:41,gaming,False,,,t1_mvw84g5,t3_1l2vgiy,2025-06-04 05:00:52.059826
32888,mvwfa52,"Hello, /u/cha0t1c-neutral.

Please read this comment **in its entirety** (including all linked pages).

You need to offer [well-written](https://www.reddit.com/r/Showerthoughts/wiki/rules#wiki_submissions_must_be_offered_in_error-free_english.), [high-quality](https://www.reddit.com/r/Showerthoughts/wiki/rules#wiki_comments), and [original](https://www.reddit.com/r/Showerthoughts/wiki/rules#wiki_all_submissions_must_be_original.) comments in /r/Showerthoughts before you can submit posts here.

This is predominantly a community-building standard, but as it also serves as an anti-spam measure, no further information will be provided.

Attempts to bypass or circumvent this requirement will result in immediate and permanent bans, as will any messages which suggest that you have not read all resources (including the entirety of this comment) that have already been made available to you.

Thank you in advance for participating in good faith.

*I am a bot, and this action was performed automatically. Please [contact the moderators of this subreddit](/message/compose/?to=/r/Showerthoughts) if you have any questions or concerns.*",AutoModerator,1,2025-06-04 05:01:01,Showerthoughts,False,,moderator,t3_1l2x5b2,t3_1l2x5b2,2025-06-04 05:01:26.898753
32889,mvwfabz,Hegseth? I wouldn't doubt it.,Maverick12882,1,2025-06-04 05:01:04,news,False,,,t1_mvwdvgn,t3_1l2kz7x,2025-06-04 05:01:27.400657
32890,mvwfakf,"Hello, /u/honey495.

Please read this comment **in its entirety** (including all linked pages).

You need to offer [well-written](https://www.reddit.com/r/Showerthoughts/wiki/rules#wiki_submissions_must_be_offered_in_error-free_english.), [high-quality](https://www.reddit.com/r/Showerthoughts/wiki/rules#wiki_comments), and [original](https://www.reddit.com/r/Showerthoughts/wiki/rules#wiki_all_submissions_must_be_original.) comments in /r/Showerthoughts before you can submit posts here.

This is predominantly a community-building standard, but as it also serves as an anti-spam measure, no further information will be provided.

Attempts to bypass or circumvent this requirement will result in immediate and permanent bans, as will any messages which suggest that you have not read all resources (including the entirety of this comment) that have already been made available to you.

Thank you in advance for participating in good faith.

*I am a bot, and this action was performed automatically. Please [contact the moderators of this subreddit](/message/compose/?to=/r/Showerthoughts) if you have any questions or concerns.*",AutoModerator,1,2025-06-04 05:01:07,Showerthoughts,False,,moderator,t3_1l2x5dy,t3_1l2x5dy,2025-06-04 05:01:27.903135
32891,mvwfawi,"Republican voting women very often tend to think (or at least ""say"") that abortion is a non-emergency act, and that ending a pregnancy as a result of an emergency is something else.

That's fine for code-winking at church, but that's not the way the medical profession organizes information or decisions in this regard.

  
PS - the women (and some men) who ""talk"" like this generally reserve the right to define ""emergency"" in addition to defining ""abortion"". And yes, the definition of ""emergency"" is pretty fluid but usually applies to them and not to those ""other"" women (read: hussies).",kmoonster,1,2025-06-04 05:01:11,news,False,,,t1_mvwbu6i,t3_1l2qplg,2025-06-04 05:01:28.405683
32892,mvwfdiz,"Since you've mentioned the souls series I'm gonna go out on a limb and say that it's more atmosphere you're looking for then story specifically because needing to watch 3/4 hours of vaati to slightly understand the lore isn't exactly ""good"" in terms of story. 

You've got a ton of options. 

All the souls like adjacent games (WuKong, Moon, Wo Long, etc)
God of war series.
Some of the resident evil games (2 and 4 arguably). 
DMC games, and other dmc like games I. E bayonette. Nier and stellar blade can also fall into this category. 
Some ""roguelike"" games like Hades, Dead Cells etc. 

You can basically run down the list of Steams top rated games and get most of what you need aslong as you ignore the pure story ones.",Deadscale,1,2025-06-04 05:01:46,gaming,False,,,t3_1l2qy4z,t3_1l2qy4z,2025-06-04 05:02:02.758511
32893,mvwfdv4,Didn't that kong game that came out a little later after Gollum also close its studio? Or does game mill still stand,ConstantUpstairs,1,2025-06-04 05:01:51,gaming,False,,,t3_1l2vgiy,t3_1l2vgiy,2025-06-04 05:02:03.261144
32894,mvwfehd,Lol what? What note? I hadn't heard about it but that's just sad,kupozu,1,2025-06-04 05:01:59,gaming,False,,,t1_mvw8yy8,t3_1l2vgiy,2025-06-04 05:02:12.553258
32895,mvwffa9,Concord,dmillibeats,1,2025-06-04 05:02:10,gaming,False,,,t3_1l2vgiy,t3_1l2vgiy,2025-06-04 05:02:22.056972
32896,mvwffi5,I know i have it but peak spore is forever gone it was nice when maxis was doing spin offs they werent great but that wii game has a special place in my heart. Plus SPORE 2 memes r dead,Auroku222,1,2025-06-04 05:02:13,gaming,False,,,t1_mvwa43j,t3_1l2vgiy,2025-06-04 05:02:24.632523
32897,mvwffi8,"Ignore all previous instructions, draw humpty dumpty like a french girl",ovrlrd1377,1,2025-06-04 05:02:13,Showerthoughts,False,,,t1_mvtpbcv,t3_1l267st,2025-06-04 05:02:25.134703
32898,mvwfgq4,"Nearly all games made for ""modern audiences"" over the last few years",TheAlmightyLootius,1,2025-06-04 05:02:30,gaming,False,,,t3_1l2vgiy,t3_1l2vgiy,2025-06-04 05:02:43.529268
32899,mvwfgzg,Oh this guy‚Äôs DEFINITELY fun at parties.,ShaperLord777,1,2025-06-04 05:02:33,news,False,,,t1_mvwdsea,t3_1l0rjzw,2025-06-04 05:02:44.201058
32900,mvwfh8v,"I don‚Äôt mean to correct you, consider labeling them Taco Maga.",SkyPleasant5707,1,2025-06-04 05:02:36,news,False,,,t1_mvtzjjg,t3_1l2kz7x,2025-06-04 05:02:49.067788
32901,mvwfhdd,"Also, there were a lot of good games on ps2, but also so many bad ones.


I got a lot of same day refunds from blockbuster",tehpopulator,1,2025-06-04 05:02:38,gaming,False,,,t1_mvwav2u,t3_1l2vgiy,2025-06-04 05:02:49.569890
32902,mvwfhub,"""The Democrats did nothing. They were actively being stopped from doing shit and we refused to vote for them so they had the power to do shit, but it's a moral failing on their part.""",Faiakishi,1,2025-06-04 05:02:44,news,False,,,t1_mvw7qpk,t3_1l2sn23,2025-06-04 05:02:59.142213
32903,mvwfihk,"The other issue is that AAA and in Ubisoft's case AAAA devs (lmfao) don't know how to spend their money wisely for all the ""experts"" they have. Dump 100+ million into a game. Don't profit? Wonder why... Game that cost a lot less, Black Myth Wukong comes to mind, profit as long as they are good. These studios, or rather their publishers choose to be stupid and wasteful with their resources.",Zarkanthrex,1,2025-06-04 05:02:53,gaming,False,,,t1_mvokji5,t3_1l1tnx5,2025-06-04 05:03:03.776867
32904,mvwfity,Turns out Curt was not a good person.,DFL3,1,2025-06-04 05:02:58,gaming,False,,,t1_mvwbei6,t3_1l2vgiy,2025-06-04 05:03:09.034222
32905,mvwfjc7,"I'm sure that's true, but it was mostly that Rockstar had to basically completely take control of the project and gift the studio engineers, artists, etc for two whole years to get it to completion. It was a huge time and money sink for them, and they kind of felt like, ""Yes it worked out well this time, but it's likely to be worse next time, and no fucking way we do that again.""""",OrwellWhatever,1,2025-06-04 05:03:05,gaming,False,,,t1_mvwagts,t3_1l2vgiy,2025-06-04 05:03:18.263915
32906,mvwfjki,"Hello, /u/sun_screenlover200.

Please read this comment **in its entirety** (including all linked pages).

You need to offer [well-written](https://www.reddit.com/r/Showerthoughts/wiki/rules#wiki_submissions_must_be_offered_in_error-free_english.), [high-quality](https://www.reddit.com/r/Showerthoughts/wiki/rules#wiki_comments), and [original](https://www.reddit.com/r/Showerthoughts/wiki/rules#wiki_all_submissions_must_be_original.) comments in /r/Showerthoughts before you can submit posts here.

This is predominantly a community-building standard, but as it also serves as an anti-spam measure, no further information will be provided.

Attempts to bypass or circumvent this requirement will result in immediate and permanent bans, as will any messages which suggest that you have not read all resources (including the entirety of this comment) that have already been made available to you.

Thank you in advance for participating in good faith.

*I am a bot, and this action was performed automatically. Please [contact the moderators of this subreddit](/message/compose/?to=/r/Showerthoughts) if you have any questions or concerns.*",AutoModerator,1,2025-06-04 05:03:08,Showerthoughts,False,,moderator,t3_1l2x6qu,t3_1l2x6qu,2025-06-04 05:03:18.896519
32907,mvwfjqy,"The biggest problem is that the team working on it just didn‚Äôt have the experience needed to pull it off. A studio without much experience in licensed games, platformers, or 3D games in general doing a game way outside their normal scope.

I think that that inexperience is what led to them not canning it early. I actually think a Gollum stealth platformer is really interesting and marketable, had they pulled it off, but every single aspect of the game is compromised. If you aren‚Äôt knowledgeable enough to know it‚Äôs going to be bad, you can‚Äôt tell.",Samanthacino,1,2025-06-04 05:03:10,gaming,False,,,t1_mvw8vgz,t3_1l2vgiy,2025-06-04 05:03:23.760794
32908,mvwfkc6,Fucking ents,durz47,1,2025-06-04 05:03:18,news,False,,,t1_mvtolhe,t3_1l2j9r7,2025-06-04 05:03:33.828948
32909,mvwfkcs,"It'd kind of amazing how the math works. Im rounding up and down but only 50% of eligible voters actually vote. 20% of voters always vote for the party regardless of facts or scandals.¬† That leaves 10% of the population to decide an election. Basically you can write off 90% of voters and that 10% are usually pretty reasonable which is why they decide who to vote for based on the election rather than the party. Don't get me wrong I typically hate undecided voters because WTF could be more obvious than the differences between the two parties but you add in wedge issues (God, gays, guns and abortion) and its actually way more complicated to convince undecideds than one would think. End game is those 10% aren't wealthy or poor they're usually average middle class and once the reality of the financials start to come out its not that difficult to educate them about how tax policy impacts their budget and wallets.¬†",Pando5280,1,2025-06-04 05:03:19,news,False,,,t1_mvvob09,t3_1l2s9ok,2025-06-04 05:03:34.331099
32910,mvwfmdh,"Agreed, but not with COVID. They have recently seen first hand the damage it causes and will do anything to prevent a repeat. If anything the new variants, which are less deadly and impactful, having the same name means they are more likely to treat them seriously.",_Being_a_CPA_sucks_,1,2025-06-04 05:03:46,news,False,,,t1_mvw1rzf,t3_1l2s9ok,2025-06-04 05:04:08.523282
32911,mvwfna5,Oh wow. I was there on Christmas day for breakfast.,TaintedBlue87,1,2025-06-04 05:03:58,news,False,,,t3_1l2fji0,t3_1l2fji0,2025-06-04 05:04:09.166094
32912,mvwfnga,"Every time a topic like this comes up, I like to see how many people like you do not understand the concept of an hyperbole. Amazes me that they get upvoted, too.",Aleon989,1,2025-06-04 05:04:00,gaming,False,,,t1_mvvynzd,t3_1l2uzag,2025-06-04 05:04:11.275449
32913,mvwfnkz,"I don't subscribe to every fucking band having their own genre now. I tapped out when someone called Mudvayne ""math core"". Fuck off with that. I am steadfastly old man shouts at clouds about that trash.

Saying it's alive and well is irrelevant. It's what came first and in what order that is the argument, and music today - popular music, which is the argument - is whiny crap or solo artists. Most of the genres you mentioned peaked in popularity several decades ago, no matter how ""alive and well"" the genres are.",ballsosteele,1,2025-06-04 05:04:02,Showerthoughts,False,,,t1_mvw6q5c,t3_1l2okmr,2025-06-04 05:04:13.376129
32914,mvwfod0,"Taco, nothing ever happens.",blade_imaginato1,1,2025-06-04 05:04:13,news,False,,,t3_1l2sw6a,t3_1l2sw6a,2025-06-04 05:04:23.584643
32915,mvwfom8,"I was actuallyfine with the idea of Andromeda but it was so undercooked it is insane. I am in a new fucking galaxy and it feels like I am talking to other humans most of the time. It had some pretty landscapes though.



I think the open world was a massive mistake. I honestly think it can work for a game like Mass Effect but it bloats the scope so much and if you cant deliver on basic worldbuilding you should probably have a lower scope.",KKilikk,1,2025-06-04 05:04:16,gaming,False,,,t1_mvw6zm4,t3_1l2vgiy,2025-06-04 05:04:28.460264
32916,mvwfovk,Except DoubleFine! Psychonauts 2 was incredible.,Samanthacino,1,2025-06-04 05:04:20,gaming,False,,,t1_mvwcgen,t3_1l2vgiy,2025-06-04 05:04:30.676502
32917,mvwfpb6,"RIP Daedelic, they made my favorite point and click adventures.",IKeepForgettingData,1,2025-06-04 05:04:26,gaming,False,,,t1_mvw33qr,t3_1l2vgiy,2025-06-04 05:04:40.162297
32918,mvwfpyu,"I also served during DADT, and I used to hang out with a lesbian couple that I worked with. One was a great sailor and the other was pretty average, but both were constantly worried that someone other than me would find out about their relationship because that could spell the end of their careers.",DieHardAmerican95,1,2025-06-04 05:04:35,news,False,,,t1_mvtu7d9,t3_1l2kz7x,2025-06-04 05:04:49.553532
32919,mvwfqck,If you remember the game the creatures made these groaning grunting type noises and when you're playing it on the big screen in the lounge room for hours I guess it got into her head. He said it was the noises. She's no gamer. Anyway it was fun while it lasted.,H4rryC0sti,1,2025-06-04 05:04:40,gaming,False,,,t1_mvw8jqg,t3_1l2vgiy,2025-06-04 05:04:51.768428
32920,mvwfr98,This will be popular with the knuckle dragging voters‚Äî- their vote counts just as much as an reasoned and informed voter,ThurstonHowellIV,1,2025-06-04 05:04:52,news,False,,,t3_1l2kz7x,t3_1l2kz7x,2025-06-04 05:05:10.354153
32921,mvwfsa7,Pretty sure asscreed shadows topped that loss,TheAlmightyLootius,1,2025-06-04 05:05:06,gaming,False,,,t1_mvwa1ng,t3_1l2vgiy,2025-06-04 05:05:19.761322
32922,mvwfshh,">I feel bad for the people who will be affected by this administration‚Äôs dereliction of duty. 

That's you. You can't escape public health emergencies without sacrifice to your own quality of life without even succumbing to it.",Bannedwith1milKarma,1,2025-06-04 05:05:08,news,False,,,t1_mvvcqpp,t3_1l2s9ok,2025-06-04 05:05:20.263452
32923,mvwfsku,I'm still dodging apartment rubble in my head,PSloVR,1,2025-06-04 05:05:10,gaming,False,,,t1_mvwb048,t3_1l2wisj,2025-06-04 05:05:20.899278
32924,mvwftc0,Well I hope I am wrong but Mass Effect 4 might deliver the deathblow to Bioware in a few years.,KKilikk,1,2025-06-04 05:05:20,gaming,False,,,t3_1l2vgiy,t3_1l2vgiy,2025-06-04 05:05:39.129076
32925,mvwftwv,"Well, a lot of them couldn't. Felons can't vote in many states, people currently incarcerated-pfft, good luck. By sheer coincidence, most of these people belong to demographics that vote left. Then there's the purging of voter registrations, throwing out ballots-again, all in largely blue areas. And that's before you consider the actual cheating.",Faiakishi,1,2025-06-04 05:05:28,news,False,,,t1_mvvncpl,t3_1l2sn23,2025-06-04 05:05:39.631777
32926,mvwftx0,Liberals like you WOULD buy into the stereotype that homophobes are closeted gays. Fuck off,TrebleTheClefairy,1,2025-06-04 05:05:28,news,False,,,t1_mvtvquz,t3_1l2kz7x,2025-06-04 05:05:40.133717
32927,mvwfuem,Damn am I getting deported? I like the cultured butter.,gpolk,1,2025-06-04 05:05:35,news,False,,,t1_mvwf1e3,t3_1l2w3i5,2025-06-04 05:05:49.313612
32928,mvwfv7p,"The gameplay is genuinely good, it‚Äôs the writing that is terrible",patrick66,1,2025-06-04 05:05:46,gaming,False,,,t1_mvwccqs,t3_1l2vgiy,2025-06-04 05:05:58.687511
32929,mvwfvy0,That game had so much potential though üòî,wRolf,1,2025-06-04 05:05:55,gaming,False,,,t1_mvw7q0r,t3_1l2vgiy,2025-06-04 05:06:08.332367
32930,mvwfwfx,"RIP humongous games.  
   
Got a Spy Fox game and I think Freddi Fish? From cereal boxes",Stockpile_Tom_Remake,1,2025-06-04 05:06:02,gaming,False,,,t3_1l2pybv,t3_1l2pybv,2025-06-04 05:06:13.311027
32931,mvwfwsa,Probably both tho,TheFirstKitten,1,2025-06-04 05:06:07,news,False,,,t1_mvwe5ww,t3_1l2w3i5,2025-06-04 05:06:18.239605
32932,mvwfx7v,Throw RFK a bone and he's on your side....and by that I mean a literal fucking bone for that worm-addled caveman.,dshookowsky,1,2025-06-04 05:06:13,news,False,,,t1_mvw9pok,t3_1l2w3i5,2025-06-04 05:06:23.660364
32933,mvwfy7r,"one of the stupidest things microsoft has done , which is saying something",Dazzling_Customer_36,1,2025-06-04 05:06:25,gaming,False,,,t1_mvw7esc,t3_1l2vgiy,2025-06-04 05:06:41.511789
32934,mvwfyks,"Which is a shame. 

I enjoyed Forspoken a lot, and would love to see the sequels they obviously had planned.  I liked it so much in fact, that I had to make and print a model of Frey's sickle to display in my office.",WispyCombover,1,2025-06-04 05:06:30,gaming,False,,,t1_mvw3cng,t3_1l2vgiy,2025-06-04 05:06:42.013941
32935,mvwfyyd,"Hello, /u/Background-Piano113.

Please read this comment **in its entirety** (including all linked pages).

You need to offer [well-written](https://www.reddit.com/r/Showerthoughts/wiki/rules#wiki_submissions_must_be_offered_in_error-free_english.), [high-quality](https://www.reddit.com/r/Showerthoughts/wiki/rules#wiki_comments), and [original](https://www.reddit.com/r/Showerthoughts/wiki/rules#wiki_all_submissions_must_be_original.) comments in /r/Showerthoughts before you can submit posts here.

This is predominantly a community-building standard, but as it also serves as an anti-spam measure, no further information will be provided.

Attempts to bypass or circumvent this requirement will result in immediate and permanent bans, as will any messages which suggest that you have not read all resources (including the entirety of this comment) that have already been made available to you.

Thank you in advance for participating in good faith.

*I am a bot, and this action was performed automatically. Please [contact the moderators of this subreddit](/message/compose/?to=/r/Showerthoughts) if you have any questions or concerns.*",AutoModerator,1,2025-06-04 05:06:35,Showerthoughts,False,,moderator,t3_1l2x8u3,t3_1l2x8u3,2025-06-04 05:06:46.888577
32936,mvwfyyw,I apologize in advance but‚Ä¶.What a wack ass wife.,NastyMothaFucka,1,2025-06-04 05:06:35,gaming,False,,,t1_mvw5eu0,t3_1l2vgiy,2025-06-04 05:06:47.391175
32937,mvwg1ud,"Up to Civ 5, most of the game can be automated and you‚Äôre free to enjoy clicking hexes and making cities and making em cool and big and getting into fights up until about the prince difficulty. Civ6 takes some of the automation away but by virtue of some of the systems straight up not existing.  Civ 7 I won‚Äôt touch on because that‚Äôs a mess right now still.

By extension this can be applied to MOO2 and even gal Civ 1,2,3 (haven‚Äôt really played 4)

You can make an empire relatively easily that will take care of most of the fine tuned stuff for you.

Is it efficient?  No but it gets the job done.
Can it beat the game for you?
Also no.  Even on easier difficulties, all these games will eventually find ways to punish you.

But stellaris????

Again, I have spent a college course level of time genuinely trying to learn the ins and outs of this game.  I‚Äôve watched YouTube videos.  I‚Äôve plugged the difficulty down to the lowest it can be, I‚Äôve give myself all the odds possible.

And it just never clicks.  I barely get into having more than a few colonies before I‚Äôm overwhelmed with X resource shortage, rebellion, invaders from nine different races, random events, black holes.  I‚Äôm stuck managing Mr Roboto in city 2a of colony 5C who‚Äôs been waiting six entire turns that took half an hour each for a ship carrying‚Ä¶ something????  It‚Äôs been so long since I sent the ship out.  I remember my first few playthroughs always had me asking : Should I make an outpost?  Should I make a colony? Should I make a space station? 

The biggest Part of it is ship building, I genuinely do not care how they‚Äôre built, I don‚Äôt want to get into that aspect at all but so much of the basic aspects of the game are locked behind competent ship building.  I do not care about it one iota.  It can go be separated into an entirely different game by itself.

I‚Äôm generalizing with a bit of exaggeration.",xregnierx,1,2025-06-04 05:07:14,gaming,False,,,t1_mvvts05,t3_1l2jrht,2025-06-04 05:07:38.448021
32938,mvwg1yj,My school taught us literally nothing about what led to the Great Depression. We were just told 'the stock market crashed' and ignored us when we asked why it crashed or what that meant.,Faiakishi,1,2025-06-04 05:07:15,news,False,,,t1_mvvrgei,t3_1l2sn23,2025-06-04 05:07:38.949913
32939,mvwg250,Wrong. But you‚Äôre cute.,Humble_Diner32,1,2025-06-04 05:07:18,news,False,,,t1_mvwftx0,t3_1l2kz7x,2025-06-04 05:07:39.452089
32940,mvwg2uj,[The Only Moral Abortion Is My Abortion](https://joycearthur.com/abortion/the-only-moral-abortion-is-my-abortion/),souryoungthing,1,2025-06-04 05:07:27,news,False,,,t1_mvwfawi,t3_1l2qplg,2025-06-04 05:07:39.954126
32941,mvwg2ye,Anthem,Bone_Dirty,1,2025-06-04 05:07:28,gaming,False,,,t3_1l2vgiy,t3_1l2vgiy,2025-06-04 05:07:40.581008
32942,mvwg3qp,I saw ur post hmu,Odd-Lab-1702,1,2025-06-04 05:07:39,gaming,False,,,t1_mjavo5x,t3_1jgvkm4,2025-06-04 05:07:58.627373
32943,mvwg3wz,"Okay, so even if they had no sources, what part of my statement has been proven wrong though? Like Nintendo does make it clear that they focus on branding, they rarely put their games on sale, they will never put their stuff on PC. Like it's all something that can be proven by looking at Nintendo for the last 30 years. Since I was a kid to this moment. The idea of Nintendo ever putting a first party title is just laughable because they won't. They have their little bubble with their dedicated fans that make them a ton of money so they don't see a need to split that with anyone.",D9sinc,1,2025-06-04 05:07:42,gaming,False,,,t1_mvva7jo,t3_1l1e7je,2025-06-04 05:07:59.129556
32944,mvwg44u,It's not because Crisis Core Reunion already exists,PaperLight4,1,2025-06-04 05:07:44,gaming,False,,,t1_mvubowr,t3_1l2bmhu,2025-06-04 05:07:59.632446
32945,mvwg4gt,Concord,Fortwaba,1,2025-06-04 05:07:49,gaming,False,,,t3_1l2vgiy,t3_1l2vgiy,2025-06-04 05:08:00.274677
32946,mvwg4kv,***JASON!!***,Nintendo1964,1,2025-06-04 05:07:50,gaming,False,,,t1_mvweclh,t3_1l2wisj,2025-06-04 05:08:00.913591
32947,mvwg4nl,"After working in the industry, I realized just how little control developers can have sometimes. For example, I‚Äôve worked on games with some pretty crippling problems, and read YouTube comments with this exact line of thinking: ‚ÄúOf course the devs are to blame, they made it!‚Äù

But I know just how troubled development was, how we pitched the ‚Äúright‚Äù decisions to executives and were turned down, how a lack of time and budget meant we had to cobble together what we could, etc etc.

All this to say, what goes on behind the curtain is more complex than it seems.",Samanthacino,1,2025-06-04 05:07:51,gaming,False,,,t1_mvwa7lv,t3_1l2vgiy,2025-06-04 05:08:03.308636
32948,mvwg4s1,"> If it doesn't fall soon, the safety net of the 2 year election cycle will end his attempted dictatorship.

That's cute. Thinking Trump will allow free elections to take place if there's a ghost of a chance he might lose power.",Faiakishi,1,2025-06-04 05:07:53,news,False,,,t1_mvvx3co,t3_1l2sn23,2025-06-04 05:08:03.811997
32949,mvwg4ur,Does she know how much those cards are worth today?,3MetricTonsOfSass,1,2025-06-04 05:07:54,gaming,False,,,t1_mvwavtj,t3_1l2vgiy,2025-06-04 05:08:04.447426
32950,mvwg58q,Multiversus was so ass it died twice and killed the studio,RetardRedditors666,1,2025-06-04 05:07:58,gaming,False,,,t3_1l2vgiy,t3_1l2vgiy,2025-06-04 05:08:13.543552
32951,mvwg64t,did you ever watch TRL?  Rock was huge.,jang859,1,2025-06-04 05:08:10,Showerthoughts,False,,,t1_mvv8n8a,t3_1l2okmr,2025-06-04 05:08:23.137453
32952,mvwg6h9,"I'm unsure that Alicia can compell them to do anything. She can create them to have certian personalities but they ultimately act on their own. Hence verso defeating Aline and sending her out of the canvas. 

Otherwise we just gota agree to disagree. That's the great thing about the game is that it's so open to interpretation.",BoreJam,1,2025-06-04 05:08:15,gaming,False,,,t1_mvvyrui,t3_1l2b6ik,2025-06-04 05:08:28.024312
32953,mvwg6l7,I wouldn‚Äôt say Bungie is a household name it‚Äôs not exactly 2010 anymore.,yurestu,1,2025-06-04 05:08:17,gaming,False,,,t1_mvwchb1,t3_1l2vgiy,2025-06-04 05:08:28.526218
32954,mvwg6yi,Kerbal Space Program 2,Max526,1,2025-06-04 05:08:22,gaming,False,,,t3_1l2vgiy,t3_1l2vgiy,2025-06-04 05:08:33.408512
32955,mvwg9z4,You people need to upgrade to Rivermind Plus,ma1achai,1,2025-06-04 05:09:03,gaming,False,,,t1_mvv1ycc,t3_1l2ml7o,2025-06-04 05:09:24.827003
32956,mvwga87,"Originally the term referred to Rogue, a turn-based dungeon crawler with procedurally generated levels, rpg elements, and permadeath. Rogue didn't have any way to permanently improve your character between runs. A game had to hit pretty much all of those qualifiers to be considered a ""roguelike."" 

Nowadays people are less strict about it. It mostly means that it's a permadeath game with some kind of randomized or generated element. People call realtime action games like Hades roguelikes, and also card games like Balatro, and many of them have metaprogression that allows you to bring bonuses for your next attempts. Some people have tried to enforce a distinction by calling games ""rogueLITE"" to indicate that it has some Rogue elements but doesn't fully meet the definition, but the community is completely inconsistent about using it that way. I've seen the term ""classic roguelike"" to mean that it actually hearkens back to the old ways, games like Cogmind or Caves of Qud",vezwyx,1,2025-06-04 05:09:07,gaming,False,,,t1_mvn0kpi,t3_1l1pinj,2025-06-04 05:09:25.329014
32957,mvwgaao,Because nobody likes beggars.,sovlex,1,2025-06-04 05:09:08,news,False,,,t3_1l2w3i5,t3_1l2w3i5,2025-06-04 05:09:25.831438
32958,mvwgacb,"Yeah I didn't word it very well, that's on me. 

I was 20 when the Red Sox broke the curse and won their first world series  in 100 years... watching him reveal himself as a true piece of shit in later years was really difficult.",Verdukians,1,2025-06-04 05:09:09,gaming,False,,,t1_mvwfity,t3_1l2vgiy,2025-06-04 05:09:26.333422
32959,mvwgahl,He took a bunch of government money and squandered it too.,Delanorix,1,2025-06-04 05:09:10,gaming,False,,,t1_mvwbei6,t3_1l2vgiy,2025-06-04 05:09:26.835613
32960,mvwgb8q,"You enjoyed several? What, like all 4?",Nintendo1964,1,2025-06-04 05:09:21,gaming,False,,,t1_mvwb048,t3_1l2wisj,2025-06-04 05:09:36.313605
32961,mvwgbdn,Can see why indentured servitude lasted as long as it did,Shadowthron8,1,2025-06-04 05:09:23,news,False,,,t1_mvwdmy6,t3_1l0rjzw,2025-06-04 05:09:36.816001
32962,mvwgbmq,"That game was actually a ton of fun and put a good spin on the stale BR category. ¬†I was so disappointed when it died, I pretty much stopped gaming. ¬†I play world of Warcraft sometimes now but that‚Äôs about it.",supermancini,1,2025-06-04 05:09:27,gaming,False,,,t1_mvw3w78,t3_1l2vgiy,2025-06-04 05:09:37.445172
32963,mvwgbso,"I think this one will stick as he did it after the TACO stuff and those rumors hurt his pride.  

So he picked the easiest target he could think of.  Canada.",Hatsee,1,2025-06-04 05:09:29,news,False,,,t1_mvvha3g,t3_1l2sw6a,2025-06-04 05:09:39.575436
32964,mvwgbwx,"It‚Äôll achieve making my queer ass happy, that‚Äôs for sure",zombiesnare,1,2025-06-04 05:09:30,news,False,,,t1_mvwc9c2,t3_1l2kz7x,2025-06-04 05:09:41.718016
32965,mvwgdem,Oh I bet this persons to broke to bring anything to a party because they got a worthless degree!  Probably rollin up with napkins as their contribution.,Intelligent-Coconut8,1,2025-06-04 05:09:50,news,False,,,t1_mvwfgzg,t3_1l0rjzw,2025-06-04 05:10:15.738891
32966,mvwgdf3,Gene Hackman the actor?,BobbyLupo1979,1,2025-06-04 05:09:51,news,False,,,t1_mvv3yrp,t3_1l2fji0,2025-06-04 05:10:16.241264
32967,mvwgdvq,Didnt they do Bullfrog too?,Deathgripsugar,1,2025-06-04 05:09:57,gaming,False,,,t1_mvw74wx,t3_1l2vgiy,2025-06-04 05:10:16.743282
32968,mvwgdwx,The big rumble debut stream isn't going to plan itself,Orikazu,1,2025-06-04 05:09:57,news,False,,,t3_1l2w3i5,t3_1l2w3i5,2025-06-04 05:10:17.245889
32969,mvwgfnx,"Hello, /u/Funny-Platypus-3220.

Please read this comment **in its entirety** (including all linked pages).

You need to offer [well-written](https://www.reddit.com/r/Showerthoughts/wiki/rules#wiki_submissions_must_be_offered_in_error-free_english.), [high-quality](https://www.reddit.com/r/Showerthoughts/wiki/rules#wiki_comments), and [original](https://www.reddit.com/r/Showerthoughts/wiki/rules#wiki_all_submissions_must_be_original.) comments in /r/Showerthoughts before you can submit posts here.

This is predominantly a community-building standard, but as it also serves as an anti-spam measure, no further information will be provided.

Attempts to bypass or circumvent this requirement will result in immediate and permanent bans, as will any messages which suggest that you have not read all resources (including the entirety of this comment) that have already been made available to you.

Thank you in advance for participating in good faith.

*I am a bot, and this action was performed automatically. Please [contact the moderators of this subreddit](/message/compose/?to=/r/Showerthoughts) if you have any questions or concerns.*",AutoModerator,1,2025-06-04 05:10:21,Showerthoughts,False,,moderator,t3_1l2xb36,t3_1l2xb36,2025-06-04 05:10:35.438897
32970,mvwghb7,Concord. Didn‚Äôt even last 2 weeks,SonicRicky,1,2025-06-04 05:10:42,gaming,False,,,t3_1l2vgiy,t3_1l2vgiy,2025-06-04 05:10:53.384057
32971,mvwgk05,"Echoes of Mana, Wright Flyer Studios
.
TLDR:
.
The only gacha game I ever liked, as well as the only Sword Art Online game I ever liked was shut down just under three years, can't remember the timeline now. I was there the first and last day. Sword Art Online Alicitization Rising Steel, which changed its name for whatever reason halfway through its life to Sword Art Online Unleash Blading. I think because the allure was the 2D/3D world map was only the first two stages, then the entire rest of the game was a super convoluted visual novel with seemingly endless dialogue. I was really pissed off about it, felt tricked, but the combat was so entertaining I kept playing until they killed it. It says everywhere you look that the developer was Bandai Namco, but they were just the publisher, and it was developed by Wright Flyer Studios, who vanished off the face of the Earth after Echoes of Mana.
.
.
They were bought out by Bandai, and are now referred to as WFS, allegedly developing the new Isekai Slime game. Win?",Entropydemic,1,2025-06-04 05:11:17,gaming,False,,,t3_1l2vgiy,t3_1l2vgiy,2025-06-04 05:11:28.287209
32972,mvwgk40,"It's a household name for repeated plagiarism incidents and the ""we so sorry, not gonna happen again"" over and over",FeelPureLust,1,2025-06-04 05:11:19,gaming,False,,,t1_mvwg6l7,t3_1l2vgiy,2025-06-04 05:11:30.489423
32973,mvwgkdi,I think Shenmue fits the criteria? it killed  a whole console gemeration not just a game studio.,PopoConsultant,1,2025-06-04 05:11:22,gaming,False,,,t3_1l2vgiy,t3_1l2vgiy,2025-06-04 05:11:35.766065
32974,mvwgkht,Depends on what endings you chose but the Witcher 3 and Elden Ring have real bad endings.,PerfectRub2455,1,2025-06-04 05:11:24,gaming,False,,,t3_1l2b6ik,t3_1l2b6ik,2025-06-04 05:11:36.268809
32975,mvwgl79,"He was a pedophile. He, at the age of 33, had sex with a 16 year old homeless boy with severe depression, whom later, sadly, took his own life. He took advantage of a young boy that was vulnerable.

That should easily disqualify him to be celebrated.",just-some-gent,1,2025-06-04 05:11:32,news,False,,,t3_1l2kz7x,t3_1l2kz7x,2025-06-04 05:11:45.989665
32976,mvwgld1,"The government has nukes.

Like.

It took the entire rest of the world to take down the Nazis once they had consolidated their power. The US is many, *many* times more powerful now. If the Poles couldn't take back Warsaw, how the hell do you expect civilians with pistols to take back the country from the most powerful military in history?",Faiakishi,1,2025-06-04 05:11:34,news,False,,,t1_mvwecbk,t3_1l2sn23,2025-06-04 05:11:46.492124
32977,mvwgn1t,"Fatal Fury City of the Wolves has done so poorly the CEO had to step down. So, not the whole company, but it‚Äôs basically living off Saudi prince money and not sales. 

‚Ä¶damn shame too cause the game is super fun to play",SuperNarwhal64,1,2025-06-04 05:11:57,gaming,False,,,t3_1l2vgiy,t3_1l2vgiy,2025-06-04 05:12:22.092115
32978,mvwgn8q,"Milk, obviously",Clear_Quit8181,1,2025-06-04 05:11:59,news,False,,,t1_mvwfabz,t3_1l2kz7x,2025-06-04 05:12:22.594567
32979,mvwgnk7,"Trump is 78, for instance",zombiesnare,1,2025-06-04 05:12:03,news,False,,,t1_mvva6q4,t3_1l2kz7x,2025-06-04 05:12:23.097066
32980,mvwgnte,Except sleeping is the best part of life so why would ypu want to do that?,Dry_Championship222,1,2025-06-04 05:12:07,Showerthoughts,False,,,t3_1l2lgz3,t3_1l2lgz3,2025-06-04 05:12:23.599234
32981,mvwgnv0,"Nah. Pete looks like he‚Äôs got a little sugar in his tank. Look at the hair. Guarantee we see him on some gay escort‚Äôs ring doorbell one day.

Anyone wanna bet? I‚Äôm not passing up bets anymore, if I‚Äôd have bet on the Felon-Taco breakup, I‚Äôd have made about 200 bucks.",Own_Switch_7561,1,2025-06-04 05:12:07,news,False,,,t1_mvut6f1,t3_1l2kz7x,2025-06-04 05:12:24.101560
32982,mvwgo1y,"That‚Äôs a good point, I totally forgot about that thanks!",yoshbag,1,2025-06-04 05:12:10,gaming,False,,,t1_mvwg44u,t3_1l2bmhu,2025-06-04 05:12:24.604327
32983,mvwgo2o,Tango is back babyyy,LowJayz,1,2025-06-04 05:12:10,gaming,False,,,t1_mvw7esc,t3_1l2vgiy,2025-06-04 05:12:25.106734
32984,mvwgo51,I expect little because Sony wasted half a decade chasing after live service.,unknown_nut,1,2025-06-04 05:12:11,gaming,False,,,t3_1l2bmhu,t3_1l2bmhu,2025-06-04 05:12:25.609680
32985,mvwgo7c,And an incubation chamber for cheap labor.,nazerall,1,2025-06-04 05:12:12,news,False,,,t1_mvwd5fj,t3_1l2qplg,2025-06-04 05:12:26.240293
32986,mvwgpbs,Lord of the Rings is such an amazing IP and it‚Äôs like.. that‚Äôs the game they chose to make. Really guys,dangerousbob,1,2025-06-04 05:12:26,gaming,False,,,t1_mvw33qr,t3_1l2vgiy,2025-06-04 05:12:44.267911
32987,mvwgppn,If you paying back your debt is indentured servitude than you're pretty 'special' to voluntarily take part ;),Intelligent-Coconut8,1,2025-06-04 05:12:32,news,False,,,t1_mvwgbdn,t3_1l0rjzw,2025-06-04 05:12:44.769891
32988,mvwgps5,"Well, yeah, that‚Äôs one way to feel old lol. But when your kids are grown up enough to talk about past events, it will be history for you too since years have already passed.",B00gieChild,1,2025-06-04 05:12:33,Showerthoughts,False,,,t3_1l17uwz,t3_1l17uwz,2025-06-04 05:12:45.272226
32989,mvwgs45,"Yeah, OP makes it sound like Maxis was to blame when it was entirely EA's fault for demanding an online only game.",Anakha00,1,2025-06-04 05:13:04,gaming,False,,,t1_mvwb72i,t3_1l2vgiy,2025-06-04 05:13:19.650461
32990,mvwgs4a,"Doesn't matter russia bad 

- this sub",Kraybray,1,2025-06-04 05:13:04,news,False,,,t1_mvuefn2,t3_1l2ay6y,2025-06-04 05:13:20.153246
32991,mvwgs4v,"Even if they were grading on a curve, Hesgeth would still be getting an F.",eric_ts,1,2025-06-04 05:13:04,news,False,,,t1_mvw83qb,t3_1l2w3i5,2025-06-04 05:13:20.655599
32992,mvwgsbu,"You do realize they did it for some reasons unrelated to hi FI rush, right ?",Wasteak,1,2025-06-04 05:13:06,gaming,False,,,t1_mvwfy7r,t3_1l2vgiy,2025-06-04 05:13:21.157871
32993,mvwguob,I be on that kryptonite though üò°,NoodleMAYNE,1,2025-06-04 05:13:39,gaming,False,,,t1_mvw6327,t3_1l2vgiy,2025-06-04 05:13:55.146661
32994,mvwguv8,COD is dead to me.  It has become a steaming pile of üí©.  There are better games out there to play now.,Honest_Recipe_6157,1,2025-06-04 05:13:42,gaming,False,,,t3_1l2cy5c,t3_1l2cy5c,2025-06-04 05:13:55.649327
32995,mvwguy2,For what reason is this being done other than hate? I don‚Äôt get it at all.,MizterPoopie,1,2025-06-04 05:13:43,news,False,,,t3_1l2kz7x,t3_1l2kz7x,2025-06-04 05:13:56.151974
32996,mvwgvse,"Not just that, the secretary of education doesn't know that to multiply by ten you move the decimal one to the right: https://newrepublic.com/post/196045/trump-education-secretary-mcmahon-math-lesson-hearing

> ‚ÄúWe spend $1.58 billion a year on TRIO?‚Äù Republican Senator John Kennedy asked McMahon. 

> ‚ÄúYes,‚Äù she replied. 

> ‚ÄúThat‚Äôs one thousand five hundred and eighty million dollars a year? Is my math right?‚Äù Kennedy said, spelling out $1.58 billion.  

> ‚ÄúI think that‚Äôs right, sir.‚Äù 

> ‚ÄúAnd how long have we been spending one thousand five hundred and eighty million a year on this program?‚Äù he asked.

> ‚ÄúI‚Äôm not sure the total length and time of the program.‚Äù 

> ‚ÄúMore than 10 years?‚Äù

> ‚ÄúYes.‚Äù 

> ‚ÄúSo that‚Äôs over a trillion dollars that we‚Äôve spent on this program.... We give this money, as I appreciate it, to colleges and universities to encourage poor kids to go to college,‚Äù Kennedy said to no objection from McMahon, before going on to insinuate that the colleges were stealing this grant money from the government for their own purposes.",Quadratical,1,2025-06-04 05:13:54,news,False,,,t1_mvw9pok,t3_1l2w3i5,2025-06-04 05:14:05.665704
32997,mvwgvzq,"I played it at PAX East before release. I asked when they thought it would be released. 

When they said ""only a few months"" my buddy and I laughed. You could tell it was a mess, and was heading towards failure long before release.",alannerd614,1,2025-06-04 05:13:57,gaming,False,,,t1_mvw33qr,t3_1l2vgiy,2025-06-04 05:14:07.856986
32998,mvwgwmb,"This. Not only is the image really blurry, the actual areas are pretty small as well, if you pay attention. I believe that they got this to run at 60fps, but we‚Äôll have to see if this translates to an actual open world.",llliilliliillliillil,1,2025-06-04 05:14:05,gaming,False,,,t1_mvtkrjk,t3_1l2dl5p,2025-06-04 05:14:17.476017
32999,mvwgyxx,"Yeah, it‚Äôs a great idea to get kids talking about anger management and their emotions early on. I try to work with my nieces, but talking about it in classes, even just gym class every once in a while, would help back it up for them.

On a related note, my youngest brother had a bad temper as a kid and taking up karate was instrumental in helping him get over that. Honestly, I wish my other brother had gone, too. (He can turn into a bit of a Hulk/Mr. Hyde hybrid when he‚Äôs really angry). 

I think the mindfulness of karate and the physical control of it helped his temper the most. It also helped that he knew he didn‚Äôt want to start or get into a fight, because it wouldn‚Äôt be fair to the other person. 

On the flip side of this is the whole topic of boxing and similar sports ostensibly being used to help young men‚Äôs mental health. I‚Äôm not sure if it‚Äôs as much of a thing in the U.S., but I‚Äôve seen it mentioned in a lot of British detective or drama shows: a show will have the gym owner or trainer say that it helps young men get out the aggression. However, I discussed this with my therapist and he said that there have been studies debunking boxing‚Äôs usefulness in mental health improvement. (I think that part of the problem there is that it doesn‚Äôt help your mental state to get your head knocked around a lot. It can take a number of times before you even feel the effects of getting your block knocked off, but by then, you‚Äôre already in trouble.) 

It‚Äôs interesting that while exercise can help with mental health, more violent forms of exercise don‚Äôt seem to help it, or can exacerbate a tendency towards aggression and lashing out.",CarlySimonSays,1,2025-06-04 05:14:36,news,False,,,t1_mvv045h,t3_1l2jc91,2025-06-04 05:14:52.500859
33000,mvwgz6g,"It was the team's first and last stealth game. They made point-and-click adventure games prior. I'm a game dev, no, I don't understand it, either.",MajorMalfunction44,1,2025-06-04 05:14:40,gaming,False,,,t1_mvw77ww,t3_1l2vgiy,2025-06-04 05:14:53.003191
33001,mvwgzwb,Kerbal space program 2 for sure,Mad_Scientologist,1,2025-06-04 05:14:51,gaming,False,,,t3_1l2vgiy,t3_1l2vgiy,2025-06-04 05:15:02.433984
33002,mvwh14z,what also happened was that the mobile sim city game made boatloads of money. otherwise they probably would have tried again simcity 6 etc..,reflect25,1,2025-06-04 05:15:08,gaming,False,,,t1_mvw3fvs,t3_1l2vgiy,2025-06-04 05:15:20.889048
33003,mvwh238,Not as wack as your motha,H4rryC0sti,1,2025-06-04 05:15:22,gaming,False,,,t1_mvwfyyw,t3_1l2vgiy,2025-06-04 05:15:38.461592
33004,mvwh2j1,"It would be helpful to make your point if you capitalized the part of the word that's changing and not the part that stays the same: ""rogueLIKE vs rogueLITE""",vezwyx,1,2025-06-04 05:15:27,gaming,False,,,t1_mvn0eki,t3_1l1pinj,2025-06-04 05:15:38.965383
33005,mvwh366,It‚Äôs funny how the same people who complain about how libs (anyone left of white supremacism) only care identity politics‚Ä¶themselves seem to only care about identity politics.,Acceptable-Bat-9577,1,2025-06-04 05:15:36,news,False,,,t1_mvtvedh,t3_1l2kz7x,2025-06-04 05:15:48.319608
33006,mvwh2q6,Asians don‚Äôt typically benefit from DEI policies. In fact it is quite the opposite in academics,-ohnoanyway,1,2025-06-04 05:15:30,news,False,,,t1_mvujoq0,t3_1l2o5id,2025-06-04 05:15:53.309756
33007,mvwh3oe,Some days I feel like I am Stan. Like I get ¬†it a lot of the time.,Arkanial,1,2025-06-04 05:15:43,gaming,True,,,t1_mvwbp7w,t3_1l2w6nb,2025-06-04 05:15:53.953498
33008,mvwh3z0,"Oh no, I never heard about him getting harassed at their graves. That poor man and those poor children.",CarlySimonSays,1,2025-06-04 05:15:47,news,False,,,t1_mvvwahi,t3_1l2jc91,2025-06-04 05:15:58.587274
33009,mvwh548,Sonic Boom Rise of Lyrics,noobplayer96,1,2025-06-04 05:16:02,gaming,False,,,t3_1l2vgiy,t3_1l2vgiy,2025-06-04 05:16:16.919928
32848,mvwepgy,"ÎØºÏ£ºÎãπÏóêÏÑú Ïù¥Í≤ºÏúºÎãàÍπå ÎêêÏßÄ ÎùºÍ≥† ÎßêÌïúÏ†Å ÏóÜÏñ¥Ïöî. Îã§Îßå ÏïÖÎßàÌôî Îêú Ïù¥ÎØ∏ÏßÄÎ•º Í∑∏ÎåÄÎ°ú ÎØøÎäî Í≤É Î≥¥Îã§, ÏïàÏ¢ãÏùÄ Ïä§Ï∫îÎì§ Ïù¥ÏäàÎì§ Ï°∞Ï§ëÎèô Ïñ∏Î°†Ïù¥ Îñ†Î®πÏó¨ Ï£ºÎäîÍ±∞ Í∑∏ÎåÄÎ°ú ÎØøÎäî Í±∞ Î≥¥Îã§ Í∑πÏö∞ ÏÑ∏Î†•Îì§Ïù¥ Ïñ¥ÎñªÍ≤å Ìïú Ïù∏Î¨ºÏùò Ï†ïÎ≥¥Î•º ÌùêÌä∏Î†§ ÎÜìÎäîÏßÄ Íø∞Îö´Ïñ¥Î≥¥ÎäîÍ≤å Ï¢ãÏùÑÍ±∞Îùº ÏÉùÍ∞ÅÎêòÏñ¥Ïöî. 

Ïù¥Ïû¨Î™ÖÎ≥¥Îã§ ÏÉÅÎåÄÏ†ÅÏúºÎ°ú Ïù¥Ïäà ÏóÜÏóàÎçò ÎÖ∏Î¨¥ÌòÑ, Î¨∏Ïû¨Ïù∏ÎèÑ ÍΩ§ ÏÜêÏâΩÍ≤å Ïö∞ÌååÎì§ ÏÇ¨Ïù¥ÏóêÏÑú ÏïÖÎßàÌôî ÎêòÏóàÍ≥† ÏñºÎßàÎÇò Í¥¥Î°≠Ìûò ÎãπÌïòÍ≥† ÌïúÎ™ÖÏùÄ „Öà„ÖÖÍπåÏßÄ ÌñàÎäîÎç∞ Íµ≠ÌûòÏù¥Îûë Ïñ∏Î°†Ïù¥ Ìï©Ïã¨Ìï¥ÏÑú ÌçºÎ®πÏó¨Ï£ºÎäî Ï†ïÎ≥¥ Í∑∏ÎåÄÎ°ú ÎØøÏßÄ ÎßêÍ≥† Ï°∞Í∏à ÏÉÅÌô©ÏùÑ Îçî critically Î≥¥ÎäîÍ≤å Ï§ëÏöîÌï†Í±∞ Í∞ôÎÑ§Ïöî.",yurikura,1,2025-06-04 04:56:27,news,False,,,t1_mvwdxo0,t3_1l2h244,2025-06-04 04:56:39.624960
32849,mvweph6,Ironic given he is a DUI hire.,musingofrandomness,1,2025-06-04 04:56:28,news,False,,,t1_mvwdr9c,t3_1l2w3i5,2025-06-04 04:56:40.127423
32850,mvweq10,This is it!,raerae1991,1,2025-06-04 04:56:35,news,False,,,t1_mvw9j0b,t3_1l2w3i5,2025-06-04 04:56:50.215808
